PDFファイル,ページ番号,画像ファイル,図番号,x0_diff,y0_diff,x1_diff,y1_diff
whitepaper2023_all.pdf,9,whitepaper2023_all_page9_img0.png,【第111-1-1】,5.87907,17.40674,236.10344,37.36753
whitepaper2023_all.pdf,9,whitepaper2023_all_page9_img1.png,【第111-1-1】,5.87907,50.39954,236.10344,70.34263
whitepaper2023_all.pdf,9,whitepaper2023_all_page9_img2.png,【第111-2-1】,8.26045,-2.63016,361.23766,236.73389
whitepaper2023_all.pdf,9,whitepaper2023_all_page9_img3.png,【第111-2-2】,4.52579,15.65502,238.98560,125.94102
whitepaper2023_all.pdf,9,whitepaper2023_all_page9_img4.png,【第111-2-2】,4.52579,138.97298,238.98560,187.57658
whitepaper2023_all.pdf,10,whitepaper2023_all_page10_img0.png,【第111-2-3】,0.77498,13.04947,233.62739,203.56425
whitepaper2023_all.pdf,11,whitepaper2023_all_page11_img0.png,【第111-3-1】,9.51254,17.89908,232.20398,120.04428
whitepaper2023_all.pdf,11,whitepaper2023_all_page11_img1.png,【第111-3-1】,9.51254,133.07629,232.20398,177.58368
whitepaper2023_all.pdf,11,whitepaper2023_all_page11_img2.png,【第111-3-2】,8.27132,18.04626,500.36876,156.79895
whitepaper2023_all.pdf,12,whitepaper2023_all_page12_img0.png,【第111-4-3】,6.20265,17.95074,112.04981,72.13986
whitepaper2023_all.pdf,12,whitepaper2023_all_page12_img1.png,【第111-4-3】,136.01028,17.95074,235.56489,72.76157
whitepaper2023_all.pdf,12,whitepaper2023_all_page12_img2.png,【第111-4-4】,6.88089,24.67630,236.52008,79.44352
whitepaper2023_all.pdf,12,whitepaper2023_all_page12_img3.png,【第111-4-5】,6.88089,-64.52650,236.52008,-49.17575
whitepaper2023_all.pdf,12,whitepaper2023_all_page12_img4.png,【第111-4-5】,5.35153,29.09280,236.51556,84.40683
whitepaper2023_all.pdf,12,whitepaper2023_all_page12_img5.png,【第111-4-1】,11.72812,18.07526,238.37012,112.57023
whitepaper2023_all.pdf,12,whitepaper2023_all_page12_img6.png,【第111-4-2】,11.72812,-84.39774,238.37012,-54.71017
whitepaper2023_all.pdf,12,whitepaper2023_all_page12_img7.png,【第111-4-2】,2.07236,26.73538,239.17475,32.56714
whitepaper2023_all.pdf,12,whitepaper2023_all_page12_img8.png,【第111-4-2】,2.07236,56.59720,239.17475,62.41083
whitepaper2023_all.pdf,13,whitepaper2023_all_page13_img0.png,【第111-6-1】,22.99460,27.33678,219.08862,118.46659
whitepaper2023_all.pdf,13,whitepaper2023_all_page13_img1.png,【第111-6-1】,4.35730,149.32690,128.84219,220.51450
whitepaper2023_all.pdf,13,whitepaper2023_all_page13_img2.png,【第111-6-1】,138.67795,183.37228,237.30792,220.68510
whitepaper2023_all.pdf,14,whitepaper2023_all_page14_img0.png,【第111-7-2】,4.02411,365.57391,238.02411,379.54392
whitepaper2023_all.pdf,14,whitepaper2023_all_page14_img1.png,【第111-7-2】,5.59015,28.63906,108.54413,89.82621
whitepaper2023_all.pdf,14,whitepaper2023_all_page14_img2.png,【第111-7-2】,133.35959,28.63911,236.61365,89.41367
whitepaper2023_all.pdf,14,whitepaper2023_all_page14_img3.png,【第111-7-1】,0.52361,15.46442,236.74601,78.23862
whitepaper2023_all.pdf,14,whitepaper2023_all_page14_img4.png,【第111-7-1】,0.52361,91.27065,236.74601,116.10233
whitepaper2023_all.pdf,18,whitepaper2023_all_page18_img0.png,【第112-4-1】,6.07693,15.67140,237.42561,167.12846
whitepaper2023_all.pdf,22,whitepaper2023_all_page22_img0.png,【第114-2-1】,0.76339,6.21101,476.40580,170.41422
whitepaper2023_all.pdf,22,whitepaper2023_all_page22_img1.png,【第114-2-1】,0.76339,183.44624,476.40580,258.95023
whitepaper2023_all.pdf,25,whitepaper2023_all_page25_img0.png,【第121-1-1】,-9.69340,-354.67413,224.30660,-301.70612
whitepaper2023_all.pdf,25,whitepaper2023_all_page25_img1.png,【第121-1-1】,-6.69340,-504.67413,493.30660,-388.70612
whitepaper2023_all.pdf,27,whitepaper2023_all_page27_img0.png,【第121-1-4】,0.00076,17.73553,473.95412,93.57133
whitepaper2023_all.pdf,27,whitepaper2023_all_page27_img1.png,【第121-1-4】,0.00076,106.60333,473.95412,182.43913
whitepaper2023_all.pdf,27,whitepaper2023_all_page27_img2.png,【第121-1-4】,0.00076,195.47110,473.95412,271.30689
whitepaper2023_all.pdf,28,whitepaper2023_all_page28_img0.png,【第121-1-5】,3.59635,25.90267,236.55967,116.96415
whitepaper2023_all.pdf,32,whitepaper2023_all_page32_img0.png,【第121-2-9】,5.48792,13.27872,450.14986,179.88068
whitepaper2023_all.pdf,32,whitepaper2023_all_page32_img1.png,【第121-2-9】,5.48792,192.91269,450.14986,269.61969
whitepaper2023_all.pdf,33,whitepaper2023_all_page33_img0.png,【第121-2-10】,7.11287,13.38437,471.59249,311.59343
whitepaper2023_all.pdf,35,whitepaper2023_all_page35_img0.png,【第121-3-7】,3.40210,15.16561,241.03110,93.34788
whitepaper2023_all.pdf,35,whitepaper2023_all_page35_img1.png,【第121-3-7】,3.40210,106.37997,241.03110,138.93559
whitepaper2023_all.pdf,36,whitepaper2023_all_page36_img0.png,【第121-3-8】,6.04744,13.96259,237.10267,97.54710
whitepaper2023_all.pdf,36,whitepaper2023_all_page36_img1.png,【第121-3-8】,6.04744,110.57915,237.10267,145.83427
whitepaper2023_all.pdf,36,whitepaper2023_all_page36_img2.png,【第121-3-9】,0.92352,13.16180,476.36094,155.37982
whitepaper2023_all.pdf,36,whitepaper2023_all_page36_img3.png,【第121-3-9】,0.92352,168.41174,476.36094,232.96729
whitepaper2023_all.pdf,38,whitepaper2023_all_page38_img0.png,【第121-4-2】,1.16833,25.28185,237.91233,82.80985
whitepaper2023_all.pdf,38,whitepaper2023_all_page38_img1.png,【第121-4-2】,1.16833,106.83978,237.91233,123.56809
whitepaper2023_all.pdf,43,whitepaper2023_all_page43_img0.png,【第122-1-8】,4.85159,16.00389,236.84662,38.42289
whitepaper2023_all.pdf,43,whitepaper2023_all_page43_img1.png,【第122-1-9】,4.91589,16.48499,237.06384,150.02696
whitepaper2023_all.pdf,44,whitepaper2023_all_page44_img0.png,【第122-1-11】,-8.70663,9.26584,251.27451,144.61374
whitepaper2023_all.pdf,45,whitepaper2023_all_page45_img0.png,【第122-2-2】,4.52640,26.64835,237.54340,72.70121
whitepaper2023_all.pdf,45,whitepaper2023_all_page45_img1.png,【第122-2-2】,4.52640,96.73123,237.54340,107.72373
whitepaper2023_all.pdf,46,whitepaper2023_all_page46_img0.png,【第122-2-3】,4.68149,16.43282,237.89117,100.77006
whitepaper2023_all.pdf,46,whitepaper2023_all_page46_img1.png,【第122-2-4】,4.68149,-82.19791,237.89117,-46.58798
whitepaper2023_all.pdf,47,whitepaper2023_all_page47_img0.png,【第122-2-5】,5.37994,27.26796,236.20265,140.84507
whitepaper2023_all.pdf,47,whitepaper2023_all_page47_img1.png,【第122-2-6】,3.56793,15.84173,239.26868,108.95927
whitepaper2023_all.pdf,47,whitepaper2023_all_page47_img2.png,【第122-2-6】,3.56793,121.99130,239.26868,162.01163
whitepaper2023_all.pdf,48,whitepaper2023_all_page48_img0.png,【第122-2-7】,1.43051,25.80315,239.17529,105.71836
whitepaper2023_all.pdf,48,whitepaper2023_all_page48_img1.png,【第122-2-8】,5.47146,17.68033,480.42023,195.34753
whitepaper2023_all.pdf,49,whitepaper2023_all_page49_img0.png,【第122-2-9】,8.11748,16.31931,469.86147,79.89530
whitepaper2023_all.pdf,49,whitepaper2023_all_page49_img1.png,【第122-2-9】,8.11748,92.92728,469.86147,156.46488
whitepaper2023_all.pdf,50,whitepaper2023_all_page50_img0.png,【第131-1-1】,-261.70560,1.57391,-27.70560,26.54192
whitepaper2023_all.pdf,50,whitepaper2023_all_page50_img1.png,【第131-1-1】,-258.70560,-148.42609,241.29440,-32.45808
whitepaper2023_all.pdf,50,whitepaper2023_all_page50_img2.png,【第131-1-1】,5.46323,16.68401,243.25418,54.85057
whitepaper2023_all.pdf,50,whitepaper2023_all_page50_img3.png,【第131-1-1】,5.46323,67.88255,243.25418,106.02818
whitepaper2023_all.pdf,51,whitepaper2023_all_page51_img0.png,【第131-1-4】,-0.17536,17.08768,242.23503,93.43286
whitepaper2023_all.pdf,51,whitepaper2023_all_page51_img1.png,【第131-1-4】,-0.17536,106.46487,242.23503,138.10168
whitepaper2023_all.pdf,52,whitepaper2023_all_page52_img0.png,【第131-2-2】,-18.44910,-39.03311,-28.28427,-51.90030
whitepaper2023_all.pdf,52,whitepaper2023_all_page52_img1.png,【第131-2-2】,-18.44910,-39.03311,-28.28427,-51.90030
whitepaper2023_all.pdf,52,whitepaper2023_all_page52_img2.png,【第131-2-2】,-18.44910,-39.03311,-28.28427,-51.90030
whitepaper2023_all.pdf,52,whitepaper2023_all_page52_img3.png,【第131-2-2】,-18.44910,-39.03311,-28.28427,-51.90030
whitepaper2023_all.pdf,52,whitepaper2023_all_page52_img4.png,【第131-2-2】,-18.44910,-39.03311,-28.28427,-51.90030
whitepaper2023_all.pdf,52,whitepaper2023_all_page52_img5.png,【第131-2-2】,-18.44910,-39.03311,-28.28427,-51.90030
whitepaper2023_all.pdf,52,whitepaper2023_all_page52_img6.png,【第131-2-2】,-18.44910,-39.03311,-28.28427,-51.90030
whitepaper2023_all.pdf,52,whitepaper2023_all_page52_img7.png,【第131-2-2】,-18.44910,-39.03311,-28.28427,-51.90030
whitepaper2023_all.pdf,52,whitepaper2023_all_page52_img8.png,【第131-2-2】,-18.44910,-39.03311,-28.28427,-51.90030
whitepaper2023_all.pdf,52,whitepaper2023_all_page52_img9.png,【第131-2-2】,-18.44910,-39.03311,-28.28427,-51.90030
whitepaper2023_all.pdf,52,whitepaper2023_all_page52_img10.png,【第131-2-2】,-18.44910,-39.03311,-28.28427,-51.90030
whitepaper2023_all.pdf,52,whitepaper2023_all_page52_img11.png,【第131-2-2】,-18.44910,-39.03311,-28.28427,-51.90030
whitepaper2023_all.pdf,52,whitepaper2023_all_page52_img12.png,【第131-2-2】,-18.44910,-39.03311,-28.28427,-51.90030
whitepaper2023_all.pdf,52,whitepaper2023_all_page52_img13.png,【第131-2-2】,-18.44910,-39.03311,-28.28427,-51.90030
whitepaper2023_all.pdf,52,whitepaper2023_all_page52_img14.png,【第131-2-2】,-18.44910,-39.03311,-28.28427,-51.90030
whitepaper2023_all.pdf,52,whitepaper2023_all_page52_img15.png,【第131-2-2】,-18.44910,-39.03311,-28.28427,-51.90030
whitepaper2023_all.pdf,52,whitepaper2023_all_page52_img16.png,【第131-2-2】,-18.44910,-39.03311,-28.28427,-51.90030
whitepaper2023_all.pdf,52,whitepaper2023_all_page52_img17.png,【第131-2-2】,-18.44910,-39.03311,-28.28427,-51.90030
whitepaper2023_all.pdf,52,whitepaper2023_all_page52_img18.png,【第131-2-1】,-1.04003,23.49725,242.17820,142.32312
whitepaper2023_all.pdf,57,whitepaper2023_all_page57_img0.png,【第132-1-1】,1.39878,15.04060,238.91981,90.75504
whitepaper2023_all.pdf,57,whitepaper2023_all_page57_img1.png,【第132-1-2】,1.39878,-78.21298,238.91981,-47.40439
whitepaper2023_all.pdf,59,whitepaper2023_all_page59_img0.png,【第132-1-7】,9.31010,17.52325,234.28056,128.02643
whitepaper2023_all.pdf,59,whitepaper2023_all_page59_img1.png,【第132-1-7】,9.31010,141.05844,234.28056,251.52954
whitepaper2023_all.pdf,65,whitepaper2023_all_page65_img0.png,【第132-2-1】,4.95861,11.89099,474.41378,357.65659
whitepaper2023_all.pdf,66,whitepaper2023_all_page66_img0.png,【第132-2-2】,4.59813,27.00626,237.32812,125.47588
whitepaper2023_all.pdf,66,whitepaper2023_all_page66_img1.png,【第132-2-2】,4.59813,149.50583,237.32812,247.93825
whitepaper2023_all.pdf,66,whitepaper2023_all_page66_img2.png,【第132-2-3】,7.07144,27.84235,235.00262,72.20036
whitepaper2023_all.pdf,66,whitepaper2023_all_page66_img3.png,【第132-2-3】,7.07144,96.23035,235.00262,140.56377
whitepaper2023_all.pdf,71,whitepaper2023_all_page71_img0.png,【第132-3-1】,-3.09118,4.77014,485.30178,240.47294
whitepaper2023_all.pdf,71,whitepaper2023_all_page71_img1.png,【第132-3-1】,-3.09118,253.50497,485.30178,364.74317
whitepaper2023_all.pdf,74,whitepaper2023_all_page74_img0.png,【第211-1-1】,-261.97589,1.57391,-27.97589,26.54192
whitepaper2023_all.pdf,74,whitepaper2023_all_page74_img1.png,【第211-1-1】,-258.97589,-148.42609,241.02411,-32.45808
whitepaper2023_all.pdf,75,whitepaper2023_all_page75_img0.png,【第211-1-3】,185.31364,115.88077,187.51045,120.27277
whitepaper2023_all.pdf,75,whitepaper2023_all_page75_img1.png,【第211-1-3】,117.36003,270.47910,176.58083,262.43671
whitepaper2023_all.pdf,75,whitepaper2023_all_page75_img2.png,【第211-1-3】,186.34322,46.81833,184.73842,71.56473
whitepaper2023_all.pdf,75,whitepaper2023_all_page75_img3.png,【第211-1-3】,186.34322,136.23514,184.73842,132.31110
whitepaper2023_all.pdf,75,whitepaper2023_all_page75_img4.png,【第211-1-3】,186.34322,265.48959,184.73842,255.86316
whitepaper2023_all.pdf,75,whitepaper2023_all_page75_img5.png,【第211-1-3】,118.46883,233.96793,177.53123,231.46954
whitepaper2023_all.pdf,78,whitepaper2023_all_page78_img0.png,【第212-1-2】,-261.97589,1.57391,-27.97589,26.54191
whitepaper2023_all.pdf,79,whitepaper2023_all_page79_img0.png,【第212-1-7】,-73.42387,77.00455,-57.82716,85.80038
whitepaper2023_all.pdf,79,whitepaper2023_all_page79_img1.png,【第212-1-7】,-49.31882,97.34039,-58.06253,85.56467
whitepaper2023_all.pdf,81,whitepaper2023_all_page81_img0.png,【第212-2-3】,44.42963,34.93373,51.83627,36.52329
whitepaper2023_all.pdf,81,whitepaper2023_all_page81_img1.png,【第212-2-3】,77.02020,43.23532,84.42685,44.85166
whitepaper2023_all.pdf,81,whitepaper2023_all_page81_img2.png,【第212-2-3】,110.01248,56.83931,117.41913,58.42887
whitepaper2023_all.pdf,81,whitepaper2023_all_page81_img3.png,【第212-2-3】,143.32608,72.15714,150.73273,73.77348
whitepaper2023_all.pdf,81,whitepaper2023_all_page81_img4.png,【第212-2-3】,177.06818,91.89357,187.09918,93.48313
whitepaper2023_all.pdf,81,whitepaper2023_all_page81_img5.png,【第212-2-5】,174.47525,120.62161,166.91364,110.02802
whitepaper2023_all.pdf,81,whitepaper2023_all_page81_img6.png,【第212-2-5】,176.91364,120.62161,169.35202,110.02802
whitepaper2023_all.pdf,81,whitepaper2023_all_page81_img7.png,【第212-2-5】,174.47525,123.06003,166.91364,112.46643
whitepaper2023_all.pdf,81,whitepaper2023_all_page81_img8.png,【第212-2-5】,176.91364,123.06003,169.35202,112.46643
whitepaper2023_all.pdf,81,whitepaper2023_all_page81_img9.png,【第212-2-5】,181.71423,122.37418,174.15262,111.78058
whitepaper2023_all.pdf,81,whitepaper2023_all_page81_img10.png,【第212-2-5】,184.15265,122.37418,176.59103,111.78058
whitepaper2023_all.pdf,81,whitepaper2023_all_page81_img11.png,【第212-2-5】,181.71423,124.81265,174.15262,114.21906
whitepaper2023_all.pdf,81,whitepaper2023_all_page81_img12.png,【第212-2-5】,184.15265,124.81265,176.59103,114.21906
whitepaper2023_all.pdf,81,whitepaper2023_all_page81_img13.png,【第212-2-5】,188.95325,124.05063,181.39163,113.45703
whitepaper2023_all.pdf,81,whitepaper2023_all_page81_img14.png,【第212-2-5】,191.39163,124.05063,183.83002,113.45703
whitepaper2023_all.pdf,81,whitepaper2023_all_page81_img15.png,【第212-2-5】,188.95325,126.48904,181.39163,115.89545
whitepaper2023_all.pdf,81,whitepaper2023_all_page81_img16.png,【第212-2-5】,191.39163,126.48904,183.83002,115.89545
whitepaper2023_all.pdf,81,whitepaper2023_all_page81_img17.png,【第212-2-5】,196.19223,125.04123,188.63062,114.44763
whitepaper2023_all.pdf,81,whitepaper2023_all_page81_img18.png,【第212-2-5】,198.63065,125.04123,191.06903,114.44763
whitepaper2023_all.pdf,81,whitepaper2023_all_page81_img19.png,【第212-2-5】,196.19223,127.47964,188.63062,116.88605
whitepaper2023_all.pdf,81,whitepaper2023_all_page81_img20.png,【第212-2-5】,198.63065,127.47964,191.06903,116.88605
whitepaper2023_all.pdf,81,whitepaper2023_all_page81_img21.png,【第212-2-5】,203.35504,124.12686,195.79343,113.53326
whitepaper2023_all.pdf,81,whitepaper2023_all_page81_img22.png,【第212-2-5】,205.79346,124.12686,198.23184,113.53326
whitepaper2023_all.pdf,81,whitepaper2023_all_page81_img23.png,【第212-2-5】,203.35504,126.56522,195.79343,115.97162
whitepaper2023_all.pdf,81,whitepaper2023_all_page81_img24.png,【第212-2-5】,205.79346,126.56522,198.23184,115.97162
whitepaper2023_all.pdf,81,whitepaper2023_all_page81_img25.png,【第212-2-5】,210.59406,124.12686,203.03247,113.53326
whitepaper2023_all.pdf,81,whitepaper2023_all_page81_img26.png,【第212-2-5】,213.03247,124.12686,205.47089,113.53326
whitepaper2023_all.pdf,81,whitepaper2023_all_page81_img27.png,【第212-2-5】,210.59406,126.56522,203.03247,115.97162
whitepaper2023_all.pdf,81,whitepaper2023_all_page81_img28.png,【第212-2-5】,213.03247,126.56522,205.47089,115.97162
whitepaper2023_all.pdf,81,whitepaper2023_all_page81_img29.png,【第212-2-5】,217.83307,125.42221,210.27148,114.82861
whitepaper2023_all.pdf,81,whitepaper2023_all_page81_img30.png,【第212-2-5】,220.27142,125.42221,212.70984,114.82861
whitepaper2023_all.pdf,81,whitepaper2023_all_page81_img31.png,【第212-2-5】,217.83307,127.86063,210.27148,117.26703
whitepaper2023_all.pdf,81,whitepaper2023_all_page81_img32.png,【第212-2-5】,220.27142,127.86063,212.70984,117.26703
whitepaper2023_all.pdf,84,whitepaper2023_all_page84_img0.png,【第212-3-8】,269.70130,1.57391,503.70130,26.54191
whitepaper2023_all.pdf,93,whitepaper2023_all_page93_img0.png,【第213-2-3】,-7.19758,15.40985,235.86094,93.45288
whitepaper2023_all.pdf,93,whitepaper2023_all_page93_img1.png,【第213-2-3】,-7.19758,106.48489,235.86094,138.94553
whitepaper2023_all.pdf,93,whitepaper2023_all_page93_img2.png,【第213-2-4】,5.75229,12.44620,237.80945,99.97245
whitepaper2023_all.pdf,93,whitepaper2023_all_page93_img3.png,【第213-2-4】,5.75229,113.00447,237.80945,150.20786
whitepaper2023_all.pdf,94,whitepaper2023_all_page94_img0.png,【第213-2-5】,4.27036,16.15608,237.22562,79.54478
whitepaper2023_all.pdf,94,whitepaper2023_all_page94_img1.png,【第213-2-5】,4.27036,92.57675,237.22562,155.94474
whitepaper2023_all.pdf,96,whitepaper2023_all_page96_img0.png,【第213-2-6】,2.83722,15.05582,238.66132,75.82182
whitepaper2023_all.pdf,96,whitepaper2023_all_page96_img1.png,【第213-2-6】,2.83722,88.85379,238.66132,112.70048
whitepaper2023_all.pdf,99,whitepaper2023_all_page99_img0.png,【第213-2-12】,7.82986,14.38834,233.71864,141.67699
whitepaper2023_all.pdf,99,whitepaper2023_all_page99_img1.png,【第213-2-14】,32.15118,47.93091,24.58502,27.33475
whitepaper2023_all.pdf,101,whitepaper2023_all_page101_img0.png,【第213-2-19】,3.03707,25.10488,237.21122,86.37858
whitepaper2023_all.pdf,101,whitepaper2023_all_page101_img1.png,【第213-2-19】,3.03707,110.40863,237.21122,129.01200
whitepaper2023_all.pdf,102,whitepaper2023_all_page102_img0.png,【第213-2-24】,5.66251,18.10934,235.69373,36.70602
whitepaper2023_all.pdf,102,whitepaper2023_all_page102_img1.png,【第213-2-24】,5.66251,49.73798,235.69373,68.31601
whitepaper2023_all.pdf,103,whitepaper2023_all_page103_img0.png,【第213-2-26】,7.09323,15.99872,232.13586,148.56864
whitepaper2023_all.pdf,104,whitepaper2023_all_page104_img0.png,【第213-3-2】,2.68492,13.89670,234.61701,99.70129
whitepaper2023_all.pdf,104,whitepaper2023_all_page104_img1.png,【第213-3-2】,2.68492,112.73331,234.61701,149.07474
whitepaper2023_all.pdf,104,whitepaper2023_all_page104_img2.png,【第213-3-4】,2.17270,13.04190,238.25482,162.31924
whitepaper2023_all.pdf,105,whitepaper2023_all_page105_img0.png,【第213-3-5】,3.70030,505.57391,237.70030,519.54392
whitepaper2023_all.pdf,107,whitepaper2023_all_page107_img0.png,【第214-1-6】,32.71630,32.60138,47.56501,76.48093
whitepaper2023_all.pdf,107,whitepaper2023_all_page107_img1.png,【第214-1-6】,56.04203,87.98993,47.32454,76.24044
whitepaper2023_all.pdf,107,whitepaper2023_all_page107_img2.png,【第214-1-7】,-81.58408,11.52008,-88.57819,138.02518
whitepaper2023_all.pdf,113,whitepaper2023_all_page113_img0.png,【第214-3-1】,-16.85553,-1.42239,242.40348,99.33360
whitepaper2023_all.pdf,113,whitepaper2023_all_page113_img1.png,【第214-3-2】,-16.85553,-83.63437,242.40348,-39.82144
whitepaper2023_all.pdf,115,whitepaper2023_all_page115_img0.png,【第221-1-2】,-261.97681,1.57391,-27.97681,15.54393
whitepaper2023_all.pdf,115,whitepaper2023_all_page115_img1.png,【第221-1-2】,-258.97681,-148.42609,241.02319,-43.45607
whitepaper2023_all.pdf,115,whitepaper2023_all_page115_img2.png,【第221-1-2】,2.23419,24.91486,152.47382,13.59215
whitepaper2023_all.pdf,117,whitepaper2023_all_page117_img0.png,【第221-1-5】,-249.13840,435.57391,-15.13840,449.54392
whitepaper2023_all.pdf,118,whitepaper2023_all_page118_img0.png,【第222-1-1】,126.39730,34.91095,194.41970,99.90134
whitepaper2023_all.pdf,118,whitepaper2023_all_page118_img1.png,【第222-1-1】,31.12070,34.32294,24.93032,25.10055
whitepaper2023_all.pdf,118,whitepaper2023_all_page118_img2.png,【第222-1-1】,31.12070,34.32294,24.93032,25.10055
whitepaper2023_all.pdf,118,whitepaper2023_all_page118_img3.png,【第222-1-1】,31.12070,34.32294,24.93032,25.10055
whitepaper2023_all.pdf,118,whitepaper2023_all_page118_img4.png,【第222-1-2】,5.02003,27.58414,237.06602,136.98846
whitepaper2023_all.pdf,121,whitepaper2023_all_page121_img0.png,【第222-1-10】,4.14565,224.50574,240.82243,368.15800
whitepaper2023_all.pdf,122,whitepaper2023_all_page122_img0.png,【第222-1-13】,5.02003,27.86752,236.06602,137.27185
whitepaper2023_all.pdf,122,whitepaper2023_all_page122_img1.png,【第222-1-15】,3.17984,27.47815,234.35236,166.35342
whitepaper2023_all.pdf,124,whitepaper2023_all_page124_img0.png,【第222-1-22】,5.51155,17.09335,474.29856,288.51385
whitepaper2023_all.pdf,127,whitepaper2023_all_page127_img0.png,【第222-1-30】,0.49949,15.83557,250.44676,105.28543
whitepaper2023_all.pdf,127,whitepaper2023_all_page127_img1.png,【第222-1-30】,0.49949,118.31744,250.44676,156.50482
whitepaper2023_all.pdf,130,whitepaper2023_all_page130_img0.png,【第222-1-38】,4.37473,16.56882,236.74400,95.42987
whitepaper2023_all.pdf,130,whitepaper2023_all_page130_img1.png,【第222-1-38】,4.37473,108.46185,236.74400,141.35645
whitepaper2023_all.pdf,144,whitepaper2023_all_page144_img0.png,【第223-1-2】,-261.97589,239.57391,-27.97589,264.54190
whitepaper2023_all.pdf,144,whitepaper2023_all_page144_img1.png,【第222-2-16】,28.61453,110.55127,19.69974,99.60447
whitepaper2023_all.pdf,144,whitepaper2023_all_page144_img2.png,【第222-2-16】,30.69973,110.55127,21.78493,99.60447
whitepaper2023_all.pdf,144,whitepaper2023_all_page144_img3.png,【第222-2-16】,28.61453,112.63647,19.69974,101.68967
whitepaper2023_all.pdf,144,whitepaper2023_all_page144_img4.png,【第222-2-16】,30.69973,112.63647,21.78493,101.68967
whitepaper2023_all.pdf,144,whitepaper2023_all_page144_img5.png,【第222-2-16】,43.28284,111.91742,34.36805,100.97062
whitepaper2023_all.pdf,144,whitepaper2023_all_page144_img6.png,【第222-2-16】,45.36805,111.91742,36.45325,100.97062
whitepaper2023_all.pdf,144,whitepaper2023_all_page144_img7.png,【第222-2-16】,43.28284,114.00262,34.36805,103.05582
whitepaper2023_all.pdf,144,whitepaper2023_all_page144_img8.png,【第222-2-16】,45.36805,114.00262,36.45325,103.05582
whitepaper2023_all.pdf,144,whitepaper2023_all_page144_img9.png,【第222-2-16】,58.02307,113.64313,49.10828,102.69633
whitepaper2023_all.pdf,144,whitepaper2023_all_page144_img10.png,【第222-2-16】,60.10828,113.64313,51.19348,102.69633
whitepaper2023_all.pdf,144,whitepaper2023_all_page144_img11.png,【第222-2-16】,58.02307,115.72833,49.10828,104.78153
whitepaper2023_all.pdf,144,whitepaper2023_all_page144_img12.png,【第222-2-16】,60.10828,115.72833,51.19348,104.78153
whitepaper2023_all.pdf,144,whitepaper2023_all_page144_img13.png,【第222-2-16】,72.69139,113.42743,63.77660,102.48063
whitepaper2023_all.pdf,144,whitepaper2023_all_page144_img14.png,【第222-2-16】,74.77659,113.42743,65.86179,102.48063
whitepaper2023_all.pdf,144,whitepaper2023_all_page144_img15.png,【第222-2-16】,72.69139,115.51257,63.77660,104.56577
whitepaper2023_all.pdf,144,whitepaper2023_all_page144_img16.png,【第222-2-16】,74.77659,115.51257,65.86179,104.56577
whitepaper2023_all.pdf,144,whitepaper2023_all_page144_img17.png,【第222-2-16】,87.35971,115.44067,78.44491,104.49387
whitepaper2023_all.pdf,144,whitepaper2023_all_page144_img18.png,【第222-2-16】,89.44492,115.44067,80.53013,104.49387
whitepaper2023_all.pdf,144,whitepaper2023_all_page144_img19.png,【第222-2-16】,87.35971,117.52594,78.44491,106.57914
whitepaper2023_all.pdf,144,whitepaper2023_all_page144_img20.png,【第222-2-16】,89.44492,117.52594,80.53013,106.57914
whitepaper2023_all.pdf,144,whitepaper2023_all_page144_img21.png,【第222-2-16】,102.02802,117.81354,93.11323,106.86674
whitepaper2023_all.pdf,144,whitepaper2023_all_page144_img22.png,【第222-2-16】,104.11323,117.81354,95.19843,106.86674
whitepaper2023_all.pdf,144,whitepaper2023_all_page144_img23.png,【第222-2-16】,102.02802,119.89874,93.11323,108.95194
whitepaper2023_all.pdf,144,whitepaper2023_all_page144_img24.png,【第222-2-16】,104.11323,119.89874,95.19843,108.95194
whitepaper2023_all.pdf,144,whitepaper2023_all_page144_img25.png,【第223-1-2】,-148.98083,-63.03601,-156.89563,-73.98282
whitepaper2023_all.pdf,144,whitepaper2023_all_page144_img26.png,【第223-1-2】,-146.89563,-63.03601,-154.81042,-73.98282
whitepaper2023_all.pdf,144,whitepaper2023_all_page144_img27.png,【第223-1-2】,-148.98083,-60.95081,-156.89563,-71.89761
whitepaper2023_all.pdf,144,whitepaper2023_all_page144_img28.png,【第223-1-2】,-146.89563,-60.95081,-154.81042,-71.89761
whitepaper2023_all.pdf,144,whitepaper2023_all_page144_img29.png,【第223-1-2】,-134.31252,-62.17322,-142.22731,-73.12003
whitepaper2023_all.pdf,144,whitepaper2023_all_page144_img30.png,【第223-1-2】,-132.22733,-62.17322,-140.14212,-73.12003
whitepaper2023_all.pdf,144,whitepaper2023_all_page144_img31.png,【第223-1-2】,-134.31252,-60.08795,-142.22731,-71.03476
whitepaper2023_all.pdf,144,whitepaper2023_all_page144_img32.png,【第223-1-2】,-132.22733,-60.08795,-140.14212,-71.03476
whitepaper2023_all.pdf,144,whitepaper2023_all_page144_img33.png,【第223-1-2】,-119.64421,-60.23181,-127.55901,-71.17862
whitepaper2023_all.pdf,144,whitepaper2023_all_page144_img34.png,【第223-1-2】,-117.55899,-60.23181,-125.47379,-71.17862
whitepaper2023_all.pdf,144,whitepaper2023_all_page144_img35.png,【第223-1-2】,-119.64421,-58.14655,-127.55901,-69.09335
whitepaper2023_all.pdf,144,whitepaper2023_all_page144_img36.png,【第223-1-2】,-117.55899,-58.14655,-125.47379,-69.09335
whitepaper2023_all.pdf,144,whitepaper2023_all_page144_img37.png,【第223-1-2】,-104.90398,-58.86560,-112.81877,-69.81241
whitepaper2023_all.pdf,144,whitepaper2023_all_page144_img38.png,【第223-1-2】,-102.81877,-58.86560,-110.73357,-69.81241
whitepaper2023_all.pdf,144,whitepaper2023_all_page144_img39.png,【第223-1-2】,-104.90398,-56.78040,-112.81877,-67.72720
whitepaper2023_all.pdf,144,whitepaper2023_all_page144_img40.png,【第223-1-2】,-102.81877,-56.78040,-110.73357,-67.72720
whitepaper2023_all.pdf,144,whitepaper2023_all_page144_img41.png,【第223-1-2】,-90.23566,-57.57135,-98.15045,-68.51816
whitepaper2023_all.pdf,144,whitepaper2023_all_page144_img42.png,【第223-1-2】,-88.15047,-57.57135,-96.06526,-68.51816
whitepaper2023_all.pdf,144,whitepaper2023_all_page144_img43.png,【第223-1-2】,-90.23566,-55.48615,-98.15045,-66.43295
whitepaper2023_all.pdf,144,whitepaper2023_all_page144_img44.png,【第223-1-2】,-88.15047,-55.48615,-96.06526,-66.43295
whitepaper2023_all.pdf,144,whitepaper2023_all_page144_img45.png,【第223-1-2】,-75.56734,-56.20520,-83.48213,-67.15201
whitepaper2023_all.pdf,144,whitepaper2023_all_page144_img46.png,【第223-1-2】,-73.48213,-56.20520,-81.39693,-67.15201
whitepaper2023_all.pdf,144,whitepaper2023_all_page144_img47.png,【第223-1-2】,-75.56734,-54.12000,-83.48213,-65.06680
whitepaper2023_all.pdf,144,whitepaper2023_all_page144_img48.png,【第223-1-2】,-73.48213,-54.12000,-81.39693,-65.06680
whitepaper2023_all.pdf,144,whitepaper2023_all_page144_img49.png,【第223-1-2】,-55.72197,-83.31281,-63.63676,-94.25961
whitepaper2023_all.pdf,144,whitepaper2023_all_page144_img50.png,【第223-1-2】,-53.63676,-83.31281,-61.55156,-94.25961
whitepaper2023_all.pdf,144,whitepaper2023_all_page144_img51.png,【第223-1-2】,-55.72197,-81.22760,-63.63676,-92.17441
whitepaper2023_all.pdf,144,whitepaper2023_all_page144_img52.png,【第223-1-2】,-53.63676,-81.22760,-61.55156,-92.17441
whitepaper2023_all.pdf,146,whitepaper2023_all_page146_img0.png,【第223-1-8】,26.63312,37.23891,222.65521,216.69364
whitepaper2023_all.pdf,148,whitepaper2023_all_page148_img0.png,【第223-4-2】,3.70130,204.57391,237.70130,229.54191
whitepaper2023_all.pdf,160,whitepaper2023_all_page160_img0.png,【第314-3-1】,2.26817,35.79599,239.70820,126.05399
whitepaper2023_all.pdf,160,whitepaper2023_all_page160_img1.png,【第314-3-1】,2.26817,150.08392,239.70820,183.14994
whitepaper2023_all.pdf,174,whitepaper2023_all_page174_img0.png,【第323-4-1】,1.11406,16.78874,240.95286,144.34934
whitepaper2023_all.pdf,176,whitepaper2023_all_page176_img0.png,【第331-1-1】,-261.97681,463.57391,-27.97681,488.54191
whitepaper2023_all.pdf,176,whitepaper2023_all_page176_img1.png,【第331-1-1】,8.82983,16.88757,111.45395,78.79398
whitepaper2023_all.pdf,176,whitepaper2023_all_page176_img2.png,【第331-1-1】,130.51169,23.03578,231.14417,72.64585
whitepaper2023_all.pdf,177,whitepaper2023_all_page177_img0.png,【第331-1-2】,5.97591,8.83632,236.00230,90.68711
whitepaper2023_all.pdf,177,whitepaper2023_all_page177_img1.png,【第331-1-2】,5.97591,103.71910,236.00230,138.10630
whitepaper2023_all.pdf,177,whitepaper2023_all_page177_img2.png,【第331-2-1】,5.83371,13.60211,240.38080,130.99680
whitepaper2023_all.pdf,181,whitepaper2023_all_page181_img0.png,【第331-5-1】,6.46829,16.90169,235.46509,252.42454
whitepaper2023_all.pdf,182,whitepaper2023_all_page182_img0.png,【第331-5-2】,5.52973,14.27941,236.43214,80.65861
whitepaper2023_all.pdf,182,whitepaper2023_all_page182_img1.png,【第331-5-3】,5.52973,-60.30933,236.43214,-33.65492
whitepaper2023_all.pdf,182,whitepaper2023_all_page182_img2.png,【第331-5-3】,0.34425,10.82825,238.74846,137.27885
whitepaper2023_all.pdf,182,whitepaper2023_all_page182_img3.png,【第331-5-3】,0.34425,150.31085,238.74846,276.72487
whitepaper2023_all.pdf,182,whitepaper2023_all_page182_img4.png,【第331-5-4】,2.91815,16.52554,239.10352,161.60343
whitepaper2023_all.pdf,185,whitepaper2023_all_page185_img0.png,【第332-1-1】,6.01755,27.93210,235.94189,45.70170
whitepaper2023_all.pdf,185,whitepaper2023_all_page185_img1.png,【第332-1-1】,6.01755,69.73180,235.94189,87.48100
whitepaper2023_all.pdf,187,whitepaper2023_all_page187_img0.png,【第333-1-1】,4.56098,17.22370,237.53669,57.72459
whitepaper2023_all.pdf,187,whitepaper2023_all_page187_img1.png,【第333-1-1】,4.56098,70.75659,237.53669,111.25748
whitepaper2023_all.pdf,187,whitepaper2023_all_page187_img2.png,【第333-1-1】,4.56098,124.28951,237.53669,164.74180
whitepaper2023_all.pdf,188,whitepaper2023_all_page188_img0.png,【第333-1-2】,1.44398,15.15841,239.22297,83.93119
whitepaper2023_all.pdf,188,whitepaper2023_all_page188_img1.png,【第333-2-1】,3.16932,14.82463,241.62544,43.09813
whitepaper2023_all.pdf,188,whitepaper2023_all_page188_img2.png,【第333-2-1】,3.16932,56.13007,241.62544,84.38347
whitepaper2023_all.pdf,197,whitepaper2023_all_page197_img0.png,【第344-1-1】,-261.97589,239.57391,-27.97589,292.54191
whitepaper2023_all.pdf,197,whitepaper2023_all_page197_img1.png,【第344-1-1】,4.12350,11.78853,237.83899,104.65195
whitepaper2023_all.pdf,198,whitepaper2023_all_page198_img0.png,【第344-1-2】,4.96687,17.19231,236.97294,81.94041
whitepaper2023_all.pdf,198,whitepaper2023_all_page198_img1.png,【第344-1-2】,4.96687,94.97238,236.97294,159.69016
whitepaper2023_all.pdf,198,whitepaper2023_all_page198_img2.png,【第344-1-3】,4.24274,16.37878,237.71677,107.74308
whitepaper2023_all.pdf,199,whitepaper2023_all_page199_img0.png,【第344-1-4】,5.65358,28.18369,236.40269,184.69462
whitepaper2023_all.pdf,213,whitepaper2023_all_page213_img0.png,【第361-4-1】,5.95874,9.14374,501.89674,198.84214
whitepaper2023_all.pdf,213,whitepaper2023_all_page213_img1.png,【第361-4-1】,5.95874,211.87411,501.89674,300.11851
whitepaper2023_all.pdf,214,whitepaper2023_all_page214_img0.png,【第361-4-2】,6.18489,17.87396,501.61534,175.38596
whitepaper2023_all.pdf,214,whitepaper2023_all_page214_img1.png,【第361-4-2】,6.18489,188.41803,501.61534,260.61723
whitepaper2023_all.pdf,215,whitepaper2023_all_page215_img0.png,【第361-4-3】,3.58569,26.76627,238.27168,164.23527
whitepaper2023_all.pdf,215,whitepaper2023_all_page215_img1.png,【第361-4-3】,5.70017,192.45142,236.32236,308.80131
whitepaper2023_all.pdf,219,whitepaper2023_all_page219_img0.png,【第361-4-4】,2.78464,14.20298,236.40143,94.46018
whitepaper2023_all.pdf,220,whitepaper2023_all_page220_img0.png,【第361-4-5】,5.19572,12.94915,236.98970,105.96714
whitepaper2023_all.pdf,220,whitepaper2023_all_page220_img1.png,【第361-4-5】,5.01392,119.57487,237.17149,173.26347
whitepaper2023_all.pdf,220,whitepaper2023_all_page220_img2.png,【第361-4-5】,5.01392,186.29541,237.17149,239.95371
whitepaper2023_all.pdf,222,whitepaper2023_all_page222_img0.png,【第361-5-1】,4.07446,16.39188,237.87906,53.99747
whitepaper2023_all.pdf,222,whitepaper2023_all_page222_img1.png,【第361-5-1】,4.07446,67.02948,237.87906,104.61167
whitepaper2023_all.pdf,224,whitepaper2023_all_page224_img0.png,【第361-5-2】,6.05988,28.07761,237.33908,35.05381
whitepaper2023_all.pdf,224,whitepaper2023_all_page224_img1.png,【第361-5-2】,6.05988,59.08381,237.33908,66.04142
whitepaper2023_all.pdf,228,whitepaper2023_all_page228_img0.png,【第362-2-1】,5.70374,78.45923,70.85374,72.17722
whitepaper2023_all.pdf,228,whitepaper2023_all_page228_img1.png,【第362-2-1】,79.99874,84.35425,70.71874,72.04224
whitepaper2023_all.pdf,228,whitepaper2023_all_page228_img2.png,【第362-2-1】,83.01373,17.23676,145.28373,10.95475
whitepaper2023_all.pdf,228,whitepaper2023_all_page228_img3.png,【第362-2-4】,-111.24837,23.13177,-120.52837,-0.17822
whitepaper2023_all.pdf,228,whitepaper2023_all_page228_img4.png,【第362-2-2】,82.11335,-89.57324,145.82335,-95.85526
whitepaper2023_all.pdf,228,whitepaper2023_all_page228_img5.png,【第362-2-4】,-110.70874,112.32178,-119.98874,89.01179
whitepaper2023_all.pdf,228,whitepaper2023_all_page228_img6.png,【第362-2-1】,5.70374,51.03174,70.85374,44.74973
whitepaper2023_all.pdf,228,whitepaper2023_all_page228_img7.png,【第362-2-1】,79.99874,56.92676,70.71874,44.61475
whitepaper2023_all.pdf,228,whitepaper2023_all_page228_img8.png,【第362-2-1】,5.70374,17.23676,70.85374,10.95475
whitepaper2023_all.pdf,228,whitepaper2023_all_page228_img9.png,【第362-2-1】,79.99874,23.13177,70.71874,10.81977
whitepaper2023_all.pdf,228,whitepaper2023_all_page228_img10.png,【第362-2-4】,-107.94087,17.23676,-29.11087,-0.04324
whitepaper2023_all.pdf,228,whitepaper2023_all_page228_img11.png,【第362-2-4】,-19.96625,23.13177,-29.24625,-0.17822
whitepaper2023_all.pdf,228,whitepaper2023_all_page228_img12.png,【第362-2-4】,4.66074,27.35012,237.41351,119.72733
whitepaper2023_all.pdf,228,whitepaper2023_all_page228_img13.png,【第362-2-4】,4.66074,143.75734,237.41351,177.90635
whitepaper2023_all.pdf,229,whitepaper2023_all_page229_img0.png,【第362-3-1】,4.00322,14.74908,238.01725,136.75425
whitepaper2023_all.pdf,230,whitepaper2023_all_page230_img0.png,【第362-4-1】,5.15277,28.04828,238.20857,71.55729
whitepaper2023_all.pdf,230,whitepaper2023_all_page230_img1.png,【第362-4-1】,5.15277,95.58728,238.20857,139.06809
whitepaper2023_all.pdf,230,whitepaper2023_all_page230_img2.png,【第362-4-1】,5.15277,163.38004,238.20857,226.91105
whitepaper2023_all.pdf,240,whitepaper2023_all_page240_img0.png,【第382-1-1】,-261.97690,197.57391,-27.97690,222.54191
whitepaper2023_all.pdf,240,whitepaper2023_all_page240_img1.png,【第382-1-1】,-1.36646,7.45930,247.57309,83.94010
whitepaper2023_all.pdf,240,whitepaper2023_all_page240_img2.png,【第382-1-1】,-1.36646,96.97212,247.57309,128.65092
whitepaper2023_all.pdf,241,whitepaper2023_all_page241_img0.png,【第382-2-1】,-0.90799,18.08493,501.41761,150.05613
whitepaper2023_all.pdf,241,whitepaper2023_all_page241_img1.png,【第382-2-1】,-0.90799,163.08815,501.41761,222.51694
whitepaper2023_all.pdf,241,whitepaper2023_all_page241_img2.png,【第382-2-2】,3.23792,25.56473,238.74292,78.36475
whitepaper2023_all.pdf,241,whitepaper2023_all_page241_img3.png,【第382-2-2】,3.23792,102.39474,238.74292,116.76025
whitepaper2023_all.pdf,263,whitepaper2023_all_page263_img0.png,【第3111-1-2】,269.70130,-40.42609,502.70130,-15.45808
whitepaper2023_all.pdf,263,whitepaper2023_all_page263_img1.png,【第3111-1-2】,94.56397,15.64928,146.59997,64.30687
whitepaper2023_all.pdf,263,whitepaper2023_all_page263_img2.png,【第3111-1-1】,95.30262,17.85648,145.68262,66.60947
確認.pdf,1,確認_page1_img0.png,【第111-1-1】,5.87907,17.40674,236.10347,37.36753
確認.pdf,1,確認_page1_img1.png,【第111-1-1】,5.87907,50.39954,236.10347,70.34263
確認.pdf,1,確認_page1_img2.png,【第111-2-1】,8.26050,-2.63013,361.23769,236.73389
確認.pdf,1,確認_page1_img3.png,【第111-2-2】,4.52579,15.65502,238.98560,125.94102
確認.pdf,1,確認_page1_img4.png,【第111-2-2】,4.52579,138.97304,238.98560,187.57664
